<?xml version="1.0" encoding="UTF-8"?>
<application xmlns:xsi="http://www.w3.org/2001/XMLSchema-instance" xmlns="http://www.zeroturnaround.com" xsi:schemaLocation="http://www.zeroturnaround.com http://www.zeroturnaround.com/alderaan/rebel-2_0.xsd">

	<classpath>
		<dir name="/Users/candide/workspace/fluxtream-app/fluxtream-web/target/classes"/>
		<dir name="/Users/candide/workspace/fluxtream-app/fluxtream-core-webapp/target/classes"/>
		<dir name="/Users/candide/workspace/fluxtream-app/fluxtream-connectors/target/classes"/>
		<dir name="/Users/candide/workspace/fluxtream-app/fluxtream-core/target/classes"/>
	</classpath>

	<web>
		<link target="/">
			<dir name="/Users/candide/workspace/fluxtream-app/fluxtream-web/src/main/webapp">
			</dir>
		</link>
	</web>

</application>
